{
    "Ca3637": [
        0.000265,
        2e-06
    ],
    "Ca3837": [
        1.96e-05,
        8.16e-06
    ],
    "Ca3937": [
        0.000695,
        9e-06
    ],
    "Ca_K": [
        1.96,
        0.0
    ],
    "Cl3638": [
        321.0,
        2.0
    ],
    "Cl_K": [
        2.9,
        0.0
    ],
    "K3739": [
        0.000224,
        1.6e-05
    ],
    "K3839": [
        0.0122,
        1.3e-05
    ],
    "K4039": [
        0.00073,
        9.2e-05
    ]
}