{
    "Ca3637": [
        0.00028000000747852, 
        1.99999994947575e-05
    ], 
    "Ca3837": [
        0.00014000000373926, 
        0.0
    ], 
    "Ca3937": [
        0.00067999999737367, 
        4.99999987368938e-05
    ], 
    "Ca_K": [
        1.96, 
        0.0
    ], 
    "Cl3638": [
        130.0, 
        0.0
    ], 
    "Cl_K": [
        0.227, 
        0.0
    ], 
    "K3739": [
        0.0, 
        0.0
    ], 
    "K3839": [
        0.0125000001862645, 
        0.0
    ], 
    "K4039": [
        0.0, 
        0.00039999998989515
    ]
}