{
    "Ca3637": [
        0.000280000007479, 
        1.99999994948e-05
    ], 
    "Ca3837": [
        3.99999989895e-05, 
        1.99999994948e-05
    ], 
    "Ca3937": [
        0.000699999975041, 
        4.99999987369e-05
    ], 
    "Ca_K": [
        1.96, 
        0.0
    ], 
    "Cl3638": [
        250.0, 
        0.0
    ], 
    "Cl_K": [
        0.227, 
        0.0
    ], 
    "K3739": [
        0.0, 
        0.0
    ], 
    "K3839": [
        0.0130000002682, 
        0.0
    ], 
    "K4039": [
        0.00999999977648, 
        0.00200000009499
    ]
}