{
    "K4039": [0.0073,0.0000092],
            "K3839": [0.01196,0.000013],
            "K3739": [0.000224,0.000016],
            "Ca3937": [0.000702,1.2e-05],
            "Ca3837": [0.0000196,0.000000816],
            "Ca3637": [0.0002702, 0.0000004],
            "Cl3638": [321.0,2.0],
            "Ca_K": [1.96,0.0],
            "Cl_K": [2.9,0.0]
}