{
    "Ca3637": [
        0.000279,
        8.37e-05
    ],
    "Ca3837": [
        3.38e-05,
        1.69e-05
    ],
    "Ca3937": [
        0.000676,
        2.7e-05
    ],
    "Ca_K": [
        1.96,
        0.0
    ],
    "Cl3638": [
        320.0,
        0.0
    ],
    "Cl_K": [
        5.93,
        0.0
    ],
    "K3739": [
        0.0,
        0.0
    ],
    "K3839": [
        0.0107,
        0.00535
    ],
    "K4039": [
        0.003,
        0.0025
    ]
}